<refentry xmlns="http://docbook.org/ns/docbook"
          xmlns:xlink="http://www.w3.org/1999/xlink"
          xmlns:xi="http://www.w3.org/2001/XInclude"
          xmlns:src="http://nwalsh.com/xmlns/litprog/fragment"
          xmlns:xsl="http://www.w3.org/1999/XSL/Transform"
          version="5.0" xml:id="abstract.properties">
<refmeta>
<refentrytitle>abstract.properties</refentrytitle>
<refmiscinfo class="other" otherclass="datatype">attribute set</refmiscinfo>
</refmeta>
<refnamediv>
<refname>abstract.properties</refname>
<refpurpose>Properties associated with the block surrounding an abstract</refpurpose>
</refnamediv>

<refsynopsisdiv>
<src:fragment xml:id="abstract.properties.frag">
<xsl:attribute-set name="abstract.properties">
  <xsl:attribute name="start-indent">0.0in</xsl:attribute>
  <xsl:attribute name="end-indent">0.0in</xsl:attribute>
</xsl:attribute-set>
</src:fragment>
</refsynopsisdiv>

<refsection><info><title>Description</title></info>

<para>Block styling properties for abstract.</para>

<para>See also <parameter>abstract.title.properties</parameter>.</para>

</refsection>
</refentry>
