<refentry xmlns="http://docbook.org/ns/docbook"
          xmlns:xlink="http://www.w3.org/1999/xlink"
          xmlns:xi="http://www.w3.org/2001/XInclude"
          xmlns:src="http://nwalsh.com/xmlns/litprog/fragment"
          xmlns:xsl="http://www.w3.org/1999/XSL/Transform"
          version="5.0" xml:id="annotation.js">
<refmeta>
<refentrytitle>annotation.js</refentrytitle>
<refmiscinfo class="other" otherclass="datatype">string</refmiscinfo>
</refmeta>
<refnamediv>
<refname>annotation.js</refname>
<refpurpose>URIs identifying JavaScript files with support for annotation popups</refpurpose>
</refnamediv>

<refsynopsisdiv>
<src:fragment xml:id="annotation.js.frag">

<xsl:param name="annotation.js">
<xsl:text>http://docbook.sourceforge.net/release/script/AnchorPosition.js http://docbook.sourceforge.net/release/script/PopupWindow.js</xsl:text></xsl:param>

</src:fragment>
</refsynopsisdiv>

<refsection><info><title>Description</title></info>

<para>If <property>annotation.support</property> is enabled and the
document contains <tag>annotation</tag>s, then the URIs listed
in this parameter will be included. These JavaScript files are required
for popup annotation support.</para>

</refsection>
</refentry>
