<refentry xmlns="http://docbook.org/ns/docbook"
          xmlns:xlink="http://www.w3.org/1999/xlink"
          xmlns:xi="http://www.w3.org/2001/XInclude"
          xmlns:src="http://nwalsh.com/xmlns/litprog/fragment"
          xmlns:xsl="http://www.w3.org/1999/XSL/Transform"
          version="5.0" xml:id="annotation.support">
<refmeta>
<refentrytitle>annotation.support</refentrytitle>
<refmiscinfo class="other" otherclass="datatype">boolean</refmiscinfo>
</refmeta>
<refnamediv>
<refname>annotation.support</refname>
<refpurpose>Enable annotations?</refpurpose>
</refnamediv>

<refsynopsisdiv>
<src:fragment xml:id="annotation.support.frag">
<xsl:param name="annotation.support" select="0"/>
</src:fragment>
</refsynopsisdiv>

<refsection><info><title>Description</title></info>

<para>If non-zero, the stylesheets will attempt to support annotation
elements in HTML by including some JavaScript (see
<parameter>annotation.js</parameter>).</para>

</refsection>
</refentry>
