<refentry xmlns="http://docbook.org/ns/docbook"
          xmlns:xlink="http://www.w3.org/1999/xlink"
          xmlns:xi="http://www.w3.org/2001/XInclude"
          xmlns:src="http://nwalsh.com/xmlns/litprog/fragment"
          xmlns:xsl="http://www.w3.org/1999/XSL/Transform"
          version="5.0" xml:id="banner.before.navigation">
<refmeta>
<refentrytitle>banner.before.navigation</refentrytitle>
<refmiscinfo class="other" otherclass="datatype">boolean</refmiscinfo>
</refmeta>
<refnamediv>
<refname>banner.before.navigation</refname>
<refpurpose>Put banner before navigation?</refpurpose>
</refnamediv>

<refsynopsisdiv>
<src:fragment xml:id="banner.before.navigation.frag">
<xsl:param name="banner.before.navigation" select="1"/>
</src:fragment>
</refsynopsisdiv>

<refsection><info><title>Description</title></info>
<para>FIXME</para>
</refsection>
</refentry>
