<refentry xmlns="http://docbook.org/ns/docbook"
          xmlns:xlink="http://www.w3.org/1999/xlink"
          xmlns:xi="http://www.w3.org/2001/XInclude"
          xmlns:src="http://nwalsh.com/xmlns/litprog/fragment"
          xmlns:xsl="http://www.w3.org/1999/XSL/Transform"
          version="5.0" xml:id="body.attributes">
<refmeta>
<refentrytitle>body.attributes</refentrytitle>
<refmiscinfo class="other" otherclass="datatype">attribute set</refmiscinfo>
</refmeta>
<refnamediv>
<refname>body.attributes</refname>
<refpurpose>DEPRECATED</refpurpose>
</refnamediv>

<refsynopsisdiv>
<src:fragment xml:id="body.attributes.frag">
<xsl:attribute-set name="body.attributes">
  <xsl:attribute name="bgcolor">white</xsl:attribute>
  <xsl:attribute name="text">black</xsl:attribute>
  <xsl:attribute name="link">#0000FF</xsl:attribute>
  <xsl:attribute name="vlink">#840084</xsl:attribute>
  <xsl:attribute name="alink">#0000FF</xsl:attribute>
</xsl:attribute-set>
</src:fragment>
</refsynopsisdiv>

<refsection><info><title>Description</title></info>
<para>DEPRECATED</para>
</refsection>
</refentry>
