<refentry xmlns="http://docbook.org/ns/docbook"
          xmlns:xlink="http://www.w3.org/1999/xlink"
          xmlns:xi="http://www.w3.org/2001/XInclude"
          xmlns:src="http://nwalsh.com/xmlns/litprog/fragment"
          xmlns:xsl="http://www.w3.org/1999/XSL/Transform"
          version="5.0" xml:id="bridgehead.in.toc">
<refmeta>
<refentrytitle>bridgehead.in.toc</refentrytitle>
<refmiscinfo class="other" otherclass="datatype">boolean</refmiscinfo>
</refmeta>
<refnamediv>
<refname>bridgehead.in.toc</refname>
<refpurpose>Should bridgehead elements appear in the TOC?</refpurpose>
</refnamediv>

<refsynopsisdiv>
<src:fragment xml:id="bridgehead.in.toc.frag"><xsl:param name="bridgehead.in.toc" select="0"/></src:fragment>
</refsynopsisdiv>

<refsection><info><title>Description</title></info>

<para>If non-zero, <tag>bridgehead</tag>s appear in the TOC. Note that
this option is not fully supported and may be removed in a future
version of the stylesheets.
</para>

</refsection>
</refentry>
