<refentry xmlns="http://docbook.org/ns/docbook"
          xmlns:xlink="http://www.w3.org/1999/xlink"
          xmlns:xi="http://www.w3.org/2001/XInclude"
          xmlns:src="http://nwalsh.com/xmlns/litprog/fragment"
          xmlns:xsl="http://www.w3.org/1999/XSL/Transform"
          version="5.0" xml:id="chunk.tocs.and.lots.has.title">
<refmeta>
<refentrytitle>chunk.tocs.and.lots.has.title</refentrytitle>
<refmiscinfo class="other" otherclass="datatype">boolean</refmiscinfo>
</refmeta>
<refnamediv>
<refname>chunk.tocs.and.lots.has.title</refname>
<refpurpose>Should ToC and LoTs in a separate chunks have title?</refpurpose>
</refnamediv>

<refsynopsisdiv>
<src:fragment xml:id="chunk.tocs.and.lots.has.title.frag">
<xsl:param name="chunk.tocs.and.lots.has.title" select="1"/>
</src:fragment>
</refsynopsisdiv>

<refsection><info><title>Description</title></info>

<para>If non-zero title of document is shown before ToC/LoT in
separate chunk.</para>

</refsection>
</refentry>
