<refentry xmlns="http://docbook.org/ns/docbook"
          xmlns:xlink="http://www.w3.org/1999/xlink"
          xmlns:xi="http://www.w3.org/2001/XInclude"
          xmlns:src="http://nwalsh.com/xmlns/litprog/fragment"
          xmlns:xsl="http://www.w3.org/1999/XSL/Transform"
          version="5.0" xml:id="column.count.index">
<refmeta>
<refentrytitle>column.count.index</refentrytitle>
<refmiscinfo class="other" otherclass="datatype">integer</refmiscinfo>
</refmeta>
<refnamediv>
<refname>column.count.index</refname>
<refpurpose>Number of columns on index pages</refpurpose>
</refnamediv>

<refsynopsisdiv>
<src:fragment xml:id="column.count.index.frag">
<xsl:param name="column.count.index">2</xsl:param>
</src:fragment>
</refsynopsisdiv>

<refsection><info><title>Description</title></info>

<para>Number of columns on index pages.</para>

</refsection>
</refentry>
