<refentry xmlns="http://docbook.org/ns/docbook"
          xmlns:xlink="http://www.w3.org/1999/xlink"
          xmlns:xi="http://www.w3.org/2001/XInclude"
          xmlns:src="http://nwalsh.com/xmlns/litprog/fragment"
          xmlns:xsl="http://www.w3.org/1999/XSL/Transform"
          version="5.0" xml:id="column.gap.body">
<refmeta>
<refentrytitle>column.gap.body</refentrytitle>
<refmiscinfo class="other" otherclass="datatype">length</refmiscinfo>
</refmeta>
<refnamediv>
<refname>column.gap.body</refname>
<refpurpose>Gap between columns in the body</refpurpose>
</refnamediv>

<refsynopsisdiv>
<src:fragment xml:id="column.gap.body.frag">
<xsl:param name="column.gap.body">12pt</xsl:param>
</src:fragment>
</refsynopsisdiv>

<refsection><info><title>Description</title></info>

<para>Specifies the gap between columns in body matter (if
<parameter>column.count.body</parameter> is greater than one).</para>

</refsection>
</refentry>
