<refentry xmlns="http://docbook.org/ns/docbook"
          xmlns:xlink="http://www.w3.org/1999/xlink"
          xmlns:xi="http://www.w3.org/2001/XInclude"
          xmlns:src="http://nwalsh.com/xmlns/litprog/fragment"
          xmlns:xsl="http://www.w3.org/1999/XSL/Transform"
          version="5.0" xml:id="css.decoration">
<refmeta>
<refentrytitle>css.decoration</refentrytitle>
<refmiscinfo class="other" otherclass="datatype">boolean</refmiscinfo>
</refmeta>
<refnamediv>
<refname>css.decoration</refname>
<refpurpose>Enable CSS decoration of elements</refpurpose>
</refnamediv>

<refsynopsisdiv>
<src:fragment xml:id="css.decoration.frag">
<xsl:param name="css.decoration" select="1"/>
</src:fragment>
</refsynopsisdiv>

<refsection><info><title>Description</title></info>

<para>
If non-zero, then html elements produced by the stylesheet may be
decorated with <literal>style</literal> attributes.  For example, the
<literal>li</literal> tags produced for list items may include a
fragment of CSS in the <literal>style</literal> attribute which sets
the CSS property "list-style-type".
</para>

</refsection>
</refentry>
