<refentry xmlns="http://docbook.org/ns/docbook"
          xmlns:xlink="http://www.w3.org/1999/xlink"
          xmlns:xi="http://www.w3.org/2001/XInclude"
          xmlns:src="http://nwalsh.com/xmlns/litprog/fragment"
          xmlns:xsl="http://www.w3.org/1999/XSL/Transform"
          version="5.0" xml:id="css.stylesheet">
<refmeta>
<refentrytitle>css.stylesheet</refentrytitle>
<refmiscinfo class="other" otherclass="datatype">uri</refmiscinfo>
</refmeta>
<refnamediv>
<refname>css.stylesheet</refname>
<refpurpose>CSS stylesheet for slides</refpurpose>
</refnamediv>

<refsynopsisdiv>
<src:fragment xml:id="css.stylesheet.frag">
<xsl:param name="css.stylesheet">slides.css</xsl:param>
</src:fragment>
</refsynopsisdiv>

<refsection><info><title>Description</title></info>

<para>Identifies the CSS stylesheet used by all the slides. This parameter
can be set in the source document with the &lt;?dbhtml?&gt; pseudo-attribute
<literal>css-stylesheet</literal>.</para>

</refsection>
</refentry>
