<refentry xmlns="http://docbook.org/ns/docbook"
          xmlns:xlink="http://www.w3.org/1999/xlink"
          xmlns:xi="http://www.w3.org/2001/XInclude"
          xmlns:src="http://nwalsh.com/xmlns/litprog/fragment"
          xmlns:xsl="http://www.w3.org/1999/XSL/Transform"
          version="5.0" xml:id="disable.incremental">
<refmeta>
<refentrytitle>disable.incremental</refentrytitle>
<refmiscinfo class="other" otherclass="datatype">boolean</refmiscinfo>
</refmeta>
<refnamediv>
<refname>disable.incremental</refname>
<refpurpose>Specifies whether incremental rendering is enabled</refpurpose>
</refnamediv>

<refsynopsisdiv>
  <src:fragment xml:id="disable.incremental.frag">
    <xsl:param name="disable.incremental">0</xsl:param>
  </src:fragment>
</refsynopsisdiv>

<refsection><info><title>Description</title></info>

<para>This parameter specifies whether elements marked as
  incremental are generated as such in the output document.</para>

</refsection>
</refentry>
