<refentry xmlns="http://docbook.org/ns/docbook"
          xmlns:xlink="http://www.w3.org/1999/xlink"
          xmlns:xi="http://www.w3.org/2001/XInclude"
          xmlns:src="http://nwalsh.com/xmlns/litprog/fragment"
          xmlns:xsl="http://www.w3.org/1999/XSL/Transform"
          version="5.0" xml:id="draft.watermark.image">
<refmeta>
<refentrytitle>draft.watermark.image</refentrytitle>
<refmiscinfo class="other" otherclass="datatype">uri</refmiscinfo>
</refmeta>
<refnamediv>
<refname>draft.watermark.image</refname>
<refpurpose>The URI of the image to be used for draft watermarks</refpurpose>
</refnamediv>

<refsynopsisdiv>
<src:fragment xml:id="draft.watermark.image.frag">
<xsl:param name="draft.watermark.image">images/draft.png</xsl:param>
</src:fragment>
</refsynopsisdiv>

<refsection><info><title>Description</title></info>

<para>The image to be used for draft watermarks.</para>

</refsection>
</refentry>
