<refentry xmlns="http://docbook.org/ns/docbook"
          xmlns:xlink="http://www.w3.org/1999/xlink"
          xmlns:xi="http://www.w3.org/2001/XInclude"
          xmlns:src="http://nwalsh.com/xmlns/litprog/fragment"
          xmlns:xsl="http://www.w3.org/1999/XSL/Transform"
          version="5.0" xml:id="ebnf.table.border">
<refmeta>
<refentrytitle>ebnf.table.border</refentrytitle>
<refmiscinfo class="other" otherclass="datatype">boolean</refmiscinfo>
</refmeta>
<refnamediv>
<refname>ebnf.table.border</refname>
<refpurpose>Selects border on EBNF tables</refpurpose>
</refnamediv>

<refsynopsisdiv>
<src:fragment xml:id="ebnf.table.border.frag"><xsl:param name="ebnf.table.border" select="1"/></src:fragment>
</refsynopsisdiv>

<refsection><info><title>Description</title></info>

<para>Selects the border on EBNF tables. If non-zero, the tables have
borders, otherwise they don't.</para>

</refsection>
</refentry>
