<refentry xmlns="http://docbook.org/ns/docbook"
          xmlns:xlink="http://www.w3.org/1999/xlink"
          xmlns:xi="http://www.w3.org/2001/XInclude"
          xmlns:src="http://nwalsh.com/xmlns/litprog/fragment"
          xmlns:xsl="http://www.w3.org/1999/XSL/Transform"
          version="5.0" xml:id="foilgroup.properties">
<refmeta>
<refentrytitle>foilgroup.properties</refentrytitle>
<refmiscinfo class="other" otherclass="datatype">attribute set</refmiscinfo>  
</refmeta>
<refnamediv>
<refname>foilgroup.properties</refname>
<refpurpose>Specifies properties for all foilgroups</refpurpose>
</refnamediv>

<refsynopsisdiv>
  <src:fragment xml:id="foilgroup.properties.frag">
    <xsl:attribute-set name="foilgroup.properties">
      <xsl:attribute name="font-family">
        <xsl:value-of select="$slide.font.family"/>
      </xsl:attribute>
    </xsl:attribute-set>
  </src:fragment>
</refsynopsisdiv>

<refsection><info><title>Description</title></info>

<para>This parameter specifies properties that are applied to all foilgroups.</para>

</refsection>
</refentry>
