<refentry xmlns="http://docbook.org/ns/docbook"
          xmlns:xlink="http://www.w3.org/1999/xlink"
          xmlns:xi="http://www.w3.org/2001/XInclude"
          xmlns:src="http://nwalsh.com/xmlns/litprog/fragment"
          xmlns:xsl="http://www.w3.org/1999/XSL/Transform"
          version="5.0" xml:id="foil.region-before.properties">
<refmeta>
<refentrytitle>foil.region-before.properties</refentrytitle>
<refmiscinfo class="other" otherclass="datatype">attribute set</refmiscinfo>
</refmeta>
<refnamediv>
<refname>foil.region-before.properties</refname>
<refpurpose>Specifies properties for foil region-before</refpurpose>
</refnamediv>

<refsynopsisdiv>
  <src:fragment xml:id="foil.region-before.properties.frag">
    <xsl:attribute-set name="foil.region-before.properties">
      <xsl:attribute name="extent">
        <xsl:value-of select="$region.before.extent"/>
      </xsl:attribute>
      <xsl:attribute name="display-align">
        <xsl:value-of select="'before'"/>
      </xsl:attribute>
    </xsl:attribute-set>
  </src:fragment>
</refsynopsisdiv>

<refsection><info><title>Description</title></info>

<para>This parameter specifies properties for the foil region-before.</para>

</refsection>
</refentry>
