<refentry xmlns="http://docbook.org/ns/docbook"
          xmlns:xlink="http://www.w3.org/1999/xlink"
          xmlns:xi="http://www.w3.org/2001/XInclude"
          xmlns:src="http://nwalsh.com/xmlns/litprog/fragment"
          xmlns:xsl="http://www.w3.org/1999/XSL/Transform"
          version="5.0" xml:id="foilgroup.toc">
<refmeta>
<refentrytitle>foilgroup.toc</refentrytitle>
<refmiscinfo class="other" otherclass="datatype">boolean</refmiscinfo>
</refmeta>
<refnamediv>
<refname>foilgroup.toc</refname>
<refpurpose>Put ToC on foilgroup pages?</refpurpose>
</refnamediv>

<refsynopsisdiv>
<src:fragment xml:id="foilgroup.toc.frag">
<xsl:param name="foilgroup.toc" select="1"/>
</src:fragment>
</refsynopsisdiv>

<refsection><info><title>Description</title></info>

<para>If non-zero, a ToC will be placed on foilgroup pages (after any
other content).
</para>

</refsection>
</refentry>
