<refentry xmlns="http://docbook.org/ns/docbook"
          xmlns:xlink="http://www.w3.org/1999/xlink"
          xmlns:xi="http://www.w3.org/2001/XInclude"
          xmlns:src="http://nwalsh.com/xmlns/litprog/fragment"
          xmlns:xsl="http://www.w3.org/1999/XSL/Transform"
          version="5.0" xml:id="foil.subtitle.properties">
<refmeta>
<refentrytitle>foil.subtitle.properties</refentrytitle>
<refmiscinfo class="other" otherclass="datatype">attribute set</refmiscinfo>
</refmeta>
<refnamediv>
<refname>foil.subtitle.properties</refname>
<refpurpose>Specifies properties for all foil subtitles</refpurpose>
</refnamediv>

<refsynopsisdiv>
  <src:fragment xml:id="foil.subtitle.properties.frag">
    <xsl:attribute-set name="foil.subtitle.properties">
      <xsl:attribute name="font-family">
        <xsl:value-of select="$slide.title.font.family"/>
      </xsl:attribute>
      <xsl:attribute name="text-align">center</xsl:attribute>
      <xsl:attribute name="font-size">
        <xsl:value-of select="$foil.title.master * 0.8"/><xsl:text>pt</xsl:text>
      </xsl:attribute>
      <xsl:attribute name="space-after">12pt</xsl:attribute>
    </xsl:attribute-set>
  </src:fragment>
</refsynopsisdiv>

<refsection><info><title>Description</title></info>

<para>This parameter specifies properties that are applied to all foil subtitles.</para>

</refsection>
</refentry>
