<refentry xmlns="http://docbook.org/ns/docbook"
          xmlns:xlink="http://www.w3.org/1999/xlink"
          xmlns:xi="http://www.w3.org/2001/XInclude"
          xmlns:src="http://nwalsh.com/xmlns/litprog/fragment"
          xmlns:xsl="http://www.w3.org/1999/XSL/Transform"
          version="5.0" xml:id="foil.title.master">
<refmeta>
<refentrytitle>foil.title.master</refentrytitle>
<refmiscinfo class="other" otherclass="datatype">number</refmiscinfo>
</refmeta>
<refnamediv>
<refname>foil.title.master</refname>
<refpurpose>Specifies unitless font size to use for foil titles</refpurpose>
</refnamediv>

<refsynopsisdiv>
<src:fragment xml:id="foil.title.master.frag">
<xsl:param name="foil.title.master">36</xsl:param>
<!-- Inconsistant use of point size? -->
</src:fragment>
</refsynopsisdiv>

<refsection><info><title>Description</title></info>

<para>Specifies a unitless font size to use for foil titles; used in
combination with the <parameter>foil.title.size</parameter>
parameter.</para>
</refsection>
</refentry>
