<refentry xmlns="http://docbook.org/ns/docbook"
          xmlns:xlink="http://www.w3.org/1999/xlink"
          xmlns:xi="http://www.w3.org/2001/XInclude"
          xmlns:src="http://nwalsh.com/xmlns/litprog/fragment"
          xmlns:xsl="http://www.w3.org/1999/XSL/Transform"
          version="5.0" xml:id="footer.table.properties">
<refmeta>
<refentrytitle>footer.table.properties</refentrytitle>
<refmiscinfo class="other" otherclass="datatype">attribute set</refmiscinfo>
</refmeta>
<refnamediv>
<refname>footer.table.properties</refname>
<refpurpose>Apply properties to the footer layout table</refpurpose>
</refnamediv>

<refsynopsisdiv>
<src:fragment xml:id='footer.table.properties.frag'>
<xsl:attribute-set name="footer.table.properties">
  <xsl:attribute name="table-layout">fixed</xsl:attribute>
  <xsl:attribute name="width">100%</xsl:attribute>
</xsl:attribute-set>
</src:fragment>
</refsynopsisdiv>

<refsection><info><title>Description</title></info>

<para>Properties applied to the table that lays out the page footer.</para>

</refsection>
</refentry>
