<refentry xmlns="http://docbook.org/ns/docbook"
          xmlns:xlink="http://www.w3.org/1999/xlink"
          xmlns:xi="http://www.w3.org/2001/XInclude"
          xmlns:src="http://nwalsh.com/xmlns/litprog/fragment"
          xmlns:xsl="http://www.w3.org/1999/XSL/Transform"
          version="5.0" xml:id="glossterm.list.properties">
<refmeta>
<refentrytitle>glossterm.list.properties</refentrytitle>
<refmiscinfo class="other" otherclass="datatype">attribute set</refmiscinfo>
</refmeta>
<refnamediv>
<refname>glossterm.list.properties</refname>
<refpurpose>To add properties to the glossterm in a list.</refpurpose>
</refnamediv>

<refsynopsisdiv>
<src:fragment xml:id="glossterm.list.properties.frag">
<xsl:attribute-set name="glossterm.list.properties">
</xsl:attribute-set>
</src:fragment>
</refsynopsisdiv>
<refsection><info><title>Description</title></info>
<para>These properties are added to the block containing a
glossary term in a glossary when the <parameter>glossary.as.blocks</parameter> parameter
is zero.
Use this attribute-set to set
font properties, for example.</para>

</refsection>
</refentry>
