<refentry xmlns="http://docbook.org/ns/docbook"
          xmlns:xlink="http://www.w3.org/1999/xlink"
          xmlns:xi="http://www.w3.org/2001/XInclude"
          xmlns:src="http://nwalsh.com/xmlns/litprog/fragment"
          xmlns:xsl="http://www.w3.org/1999/XSL/Transform"
          version="5.0" xml:id="graphicsize.use.img.src.path">
<refmeta>
<refentrytitle>graphicsize.use.img.src.path</refentrytitle>
<refmiscinfo class="other" otherclass="datatype">boolean</refmiscinfo>
</refmeta>
<refnamediv>
<refname>graphicsize.use.img.src.path</refname>
<refpurpose>Prepend <parameter>img.src.path</parameter> before
filenames passed to extension functions</refpurpose>
</refnamediv>

<refsynopsisdiv>
<src:fragment xml:id="graphicsize.use.img.src.path.frag">
<xsl:param name="graphicsize.use.img.src.path" select="0"/>
</src:fragment>
</refsynopsisdiv>

<refsection><info><title>Description</title></info>

<para>If non-zero <parameter>img.src.path</parameter> parameter will
be appended before filenames passed to extension functions for
measuring image dimensions.</para>

</refsection>
</refentry>
