<refentry xmlns="http://docbook.org/ns/docbook"
          xmlns:xlink="http://www.w3.org/1999/xlink"
          xmlns:xi="http://www.w3.org/2001/XInclude"
          xmlns:src="http://nwalsh.com/xmlns/litprog/fragment"
          xmlns:xsl="http://www.w3.org/1999/XSL/Transform"
          version="5.0" xml:id="graphics.dir">
<refmeta>
<refentrytitle>graphics.dir</refentrytitle>
<refmiscinfo class="other" otherclass="datatype">uri</refmiscinfo>
</refmeta>
<refnamediv>
<refname>graphics.dir</refname>
<refpurpose>Graphics directory</refpurpose>
</refnamediv>

<refsynopsisdiv>
<src:fragment xml:id="graphics.dir.frag">
<xsl:param name="graphics.dir"></xsl:param>
</src:fragment>
</refsynopsisdiv>

<refsection><info><title>Description</title></info>

<para>Identifies the graphics directory for the navigation components
generated on all the slides. This parameter can be set in the source
document with the &lt;?dbhtml?&gt; pseudo-attribute
<literal>graphics-dir</literal>.</para>

<para>If non-empty, this value is prepended to each of the graphic
image paths.</para>

</refsection>
</refentry>
