<refentry xmlns="http://docbook.org/ns/docbook"
          xmlns:xlink="http://www.w3.org/1999/xlink"
          xmlns:xi="http://www.w3.org/2001/XInclude"
          xmlns:src="http://nwalsh.com/xmlns/litprog/fragment"
          xmlns:xsl="http://www.w3.org/1999/XSL/Transform"
          version="5.0" xml:id="html.script.type">
<refmeta>
<refentrytitle>html.script.type</refentrytitle>
<refmiscinfo class="other" otherclass="datatype">string</refmiscinfo>
</refmeta>
<refnamediv>
<refname>html.script.type</refname>
<refpurpose>The type of script used in the generated HTML</refpurpose>
</refnamediv>

<refsynopsisdiv>
<src:fragment xml:id="html.script.type.frag"><xsl:param name="html.script.type">text/javascript</xsl:param></src:fragment>
</refsynopsisdiv>

<refsection><info><title>Description</title></info>

<para>The type of script to place in the HTML <tag>script</tag> element.
Specifically, the value of the <tag>script</tag> element's <tag>type</tag>
attribute.
The default value is <literal>text/javascript</literal>.
This param is used only when the stylesheet parameter
<tag>html.script</tag> is non-blank and specifies the location of a script.</para>


</refsection>
</refentry>
