<refentry xmlns="http://docbook.org/ns/docbook"
          xmlns:xlink="http://www.w3.org/1999/xlink"
          xmlns:xi="http://www.w3.org/2001/XInclude"
          xmlns:src="http://nwalsh.com/xmlns/litprog/fragment"
          xmlns:xsl="http://www.w3.org/1999/XSL/Transform"
          version="5.0" xml:id="html.cellpadding">
<refmeta>
<refentrytitle>html.cellpadding</refentrytitle>
<refmiscinfo class="other" otherclass="datatype">integer</refmiscinfo>
</refmeta>
<refnamediv>
<refname>html.cellpadding</refname>
<refpurpose>Default value for cellpadding in HTML tables</refpurpose>
</refnamediv>

<refsynopsisdiv>
<src:fragment xml:id="html.cellpadding.frag">
<xsl:param name="html.cellpadding"></xsl:param>
</src:fragment>
</refsynopsisdiv>

<refsection><info><title>Description</title></info>

<para>If non-zero, this value will be used as the default cellpadding value
in HTML tables. nn for pixels or nn% for percentage length. E.g. 5 or
5%</para>

</refsection>
</refentry>
