<refentry xmlns="http://docbook.org/ns/docbook"
          xmlns:xlink="http://www.w3.org/1999/xlink"
          xmlns:xi="http://www.w3.org/2001/XInclude"
          xmlns:src="http://nwalsh.com/xmlns/litprog/fragment"
          xmlns:xsl="http://www.w3.org/1999/XSL/Transform"
          version="5.0" xml:id="htmlhelp.hhp.windows">
<refmeta>
<refentrytitle>htmlhelp.hhp.windows</refentrytitle>
<refmiscinfo class="other" otherclass="datatype">string</refmiscinfo>
</refmeta>
<refnamediv>
<refname>htmlhelp.hhp.windows</refname>
<refpurpose>Definition of additional windows</refpurpose>
</refnamediv>

<refsynopsisdiv>
<src:fragment xml:id="htmlhelp.hhp.windows.frag">
<xsl:param name="htmlhelp.hhp.windows"/>
</src:fragment>
</refsynopsisdiv>

<refsection><info><title>Description</title></info>

<para>Content of this parameter is placed at the end of [WINDOWS]
section of project file. You can use it for defining your own
addtional windows.</para>

</refsection>
</refentry>
