<refentry xmlns="http://docbook.org/ns/docbook"
          xmlns:xlink="http://www.w3.org/1999/xlink"
          xmlns:xi="http://www.w3.org/2001/XInclude"
          xmlns:src="http://nwalsh.com/xmlns/litprog/fragment"
          xmlns:xsl="http://www.w3.org/1999/XSL/Transform"
          version="5.0" xml:id="informalfigure.properties">
<refmeta>
<refentrytitle>informalfigure.properties</refentrytitle>
<refmiscinfo class="other" otherclass="datatype">attribute set</refmiscinfo>
</refmeta>
<refnamediv>
<refname>informalfigure.properties</refname>
<refpurpose>Properties associated with an informalfigure</refpurpose>
</refnamediv>

<refsynopsisdiv>
<src:fragment xml:id="informalfigure.properties.frag">
<xsl:attribute-set name="informalfigure.properties" use-attribute-sets="informal.object.properties"/>
</src:fragment>
</refsynopsisdiv>

<refsection><info><title>Description</title></info>

<para>The styling for informalfigures.</para>

</refsection>
</refentry>
