<refentry xmlns="http://docbook.org/ns/docbook"
          xmlns:xlink="http://www.w3.org/1999/xlink"
          xmlns:xi="http://www.w3.org/2001/XInclude"
          xmlns:src="http://nwalsh.com/xmlns/litprog/fragment"
          xmlns:xsl="http://www.w3.org/1999/XSL/Transform"
          version="5.0" xml:id="informaltable.properties">
<refmeta>
<refentrytitle>informaltable.properties</refentrytitle>
<refmiscinfo class="other" otherclass="datatype">attribute set</refmiscinfo>
</refmeta>
<refnamediv>
<refname>informaltable.properties</refname>
<refpurpose>Properties associated with the block surrounding an informaltable</refpurpose>
</refnamediv>

<refsynopsisdiv>
<src:fragment xml:id="informaltable.properties.frag">
<xsl:attribute-set name="informaltable.properties" use-attribute-sets="informal.object.properties"/>
</src:fragment>
</refsynopsisdiv>

<refsection><info><title>Description</title></info>

<para>Block styling properties for informaltables. This parameter should really
have been called <literal>informaltable.block.properties</literal> or something
like that, but we’re leaving it to avoid backwards-compatibility
problems.</para>

<para>See also <parameter>table.table.properties</parameter>.</para>

</refsection>
</refentry>
