<refentry xmlns="http://docbook.org/ns/docbook"
          xmlns:xlink="http://www.w3.org/1999/xlink"
          xmlns:xi="http://www.w3.org/2001/XInclude"
          xmlns:src="http://nwalsh.com/xmlns/litprog/fragment"
          xmlns:xsl="http://www.w3.org/1999/XSL/Transform"
          version="5.0" 
	  xml:id="l10n.gentext.default.language">
  <refmeta>
    <refentrytitle>l10n.gentext.default.language</refentrytitle>
    <refmiscinfo class="other" otherclass="datatype">string</refmiscinfo>
  </refmeta>
  <refnamediv>
    <refname>l10n.gentext.default.language</refname>
    <refpurpose>Sets the default language for generated text</refpurpose>
  </refnamediv>

  <refsynopsisdiv>
<src:fragment xml:id="l10n.gentext.default.language.frag">
<xsl:param name="l10n.gentext.default.language">en</xsl:param>
</src:fragment>
</refsynopsisdiv>

<refsection><info><title>Description</title></info>

<para>The value of the <parameter>l10n.gentext.default.language</parameter>
parameter is used as the language for generated text if no setting is provided
in the source document.</para>

</refsection>
</refentry>
