<refentry xmlns="http://docbook.org/ns/docbook"
          xmlns:xlink="http://www.w3.org/1999/xlink"
          xmlns:xi="http://www.w3.org/2001/XInclude"
          xmlns:src="http://nwalsh.com/xmlns/litprog/fragment"
          xmlns:xsl="http://www.w3.org/1999/XSL/Transform"
          version="5.0" xml:id="man.output.base.dir">
<refmeta>
<refentrytitle>man.output.base.dir</refentrytitle>
<refmiscinfo class="other" otherclass="datatype">uri</refmiscinfo>
</refmeta>
<refnamediv>
<refname>man.output.base.dir</refname>
<refpurpose>Specifies separate output directory</refpurpose>
</refnamediv>

<refsynopsisdiv>
<src:fragment xml:id="man.output.base.dir.frag"><xsl:param name="man.output.base.dir">man/</xsl:param></src:fragment>
</refsynopsisdiv>

<refsection><info><title>Description</title></info>

<para>The <parameter>man.output.base.dir</parameter> parameter
specifies the base directory into which man-page files are output. The
<parameter>man.output.subdirs.enabled</parameter> parameter controls
whether the files are output in subdirectories within the base
directory.</para>

<note>
  <para>The values of the <parameter>man.output.base.dir</parameter>
  and <parameter>man.output.subdirs.enabled</parameter> parameters are
  used only if the value of
  <parameter>man.output.in.separate.dir</parameter> parameter is
  non-zero. If the value of the
  <parameter>man.output.in.separate.dir</parameter> is zero, man-page
  files are not output in a separate directory.</para>
</note>

</refsection>
</refentry>
