<refentry xmlns="http://docbook.org/ns/docbook"
          xmlns:xlink="http://www.w3.org/1999/xlink"
          xmlns:xi="http://www.w3.org/2001/XInclude"
          xmlns:src="http://nwalsh.com/xmlns/litprog/fragment"
          xmlns:xsl="http://www.w3.org/1999/XSL/Transform"
          version="5.0" xml:id="man.font.funcprototype">
<refmeta>
<refentrytitle>man.font.funcprototype</refentrytitle>
<refmiscinfo class="other" otherclass="datatype">string</refmiscinfo>
</refmeta>
<refnamediv>
<refname>man.font.funcprototype</refname>
<refpurpose>Specifies font for funcprototype output</refpurpose>
</refnamediv>

<refsynopsisdiv>
<src:fragment xml:id="man.font.funcprototype.frag">
  <xsl:param name="man.font.funcprototype">BI</xsl:param>
</src:fragment>
</refsynopsisdiv>

<refsection><info><title>Description</title></info>

<para>The <parameter>man.font.funcprototype</parameter> parameter
specifies the font for <tag>funcprototype</tag> output. It
should be a valid roff font name, such as <literal>BI</literal> or
<literal>B</literal>.</para>

</refsection>
</refentry>
