<refentry xmlns="http://docbook.org/ns/docbook"
          xmlns:xlink="http://www.w3.org/1999/xlink"
          xmlns:xi="http://www.w3.org/2001/XInclude"
          xmlns:src="http://nwalsh.com/xmlns/litprog/fragment"
          xmlns:xsl="http://www.w3.org/1999/XSL/Transform"
          version="5.0" xml:id="abstract.notitle.enabled">
<refmeta>
<refentrytitle>abstract.notitle.enabled</refentrytitle>
<refmiscinfo class="other" otherclass="datatype">boolean</refmiscinfo>
</refmeta>
<refnamediv>
<refname>abstract.notitle.enabled</refname>
<refpurpose>Suppress display of abstract titles?</refpurpose>
</refnamediv>
<refsynopsisdiv>
  <src:fragment xml:id="abstract.notitle.enabled.frag"><xsl:param name="abstract.notitle.enabled" select="0"/></src:fragment>
</refsynopsisdiv>
<refsection><info><title>Description</title></info>
<para>If non-zero, in output of the <tag>abstract</tag> element on titlepages,
display of the abstract title is suppressed.</para>
</refsection>
</refentry>
