<refentry xmlns="http://docbook.org/ns/docbook"
          xmlns:xlink="http://www.w3.org/1999/xlink"
          xmlns:xi="http://www.w3.org/2001/XInclude"
          xmlns:src="http://nwalsh.com/xmlns/litprog/fragment"
          xmlns:xsl="http://www.w3.org/1999/XSL/Transform"
          version="5.0" xml:id="active.toc">
<refmeta>
<refentrytitle>active.toc</refentrytitle>
<refmiscinfo class="other" otherclass="datatype">boolean</refmiscinfo>
</refmeta>
<refnamediv>
<refname>active.toc</refname>
<refpurpose>Active ToCs?</refpurpose>
</refnamediv>

<refsynopsisdiv>
<src:fragment xml:id="active.toc.frag">
<xsl:param name="active.toc" select="0"/>
</src:fragment>
</refsynopsisdiv>

<refsection><info><title>Description</title></info>

<para>If non-zero, JavaScript is used to keep the ToC and the current slide
<quote>in sync</quote>. That is, each time the slide changes, the corresponding
ToC entry will be underlined.</para>

</refsection>
</refentry>
