<refentry xmlns="http://docbook.org/ns/docbook"
          xmlns:xlink="http://www.w3.org/1999/xlink"
          xmlns:xi="http://www.w3.org/2001/XInclude"
          xmlns:src="http://nwalsh.com/xmlns/litprog/fragment"
          xmlns:xsl="http://www.w3.org/1999/XSL/Transform"
          version="5.0" xml:id="admonition.title.properties">

<refmeta>
  <refentrytitle>admonition.title.properties</refentrytitle>
  <refmiscinfo class="other" otherclass="datatype">attribute set</refmiscinfo>
</refmeta>
<refnamediv>
<refname>admonition.title.properties</refname>
<refpurpose>To set the style for admonitions titles.</refpurpose>
</refnamediv>

<refsynopsisdiv>
<src:fragment xml:id="admonition.title.properties.frag">
<xsl:attribute-set name="admonition.title.properties">
  <xsl:attribute name="font-size">14pt</xsl:attribute>
  <xsl:attribute name="font-weight">bold</xsl:attribute>
  <xsl:attribute name="hyphenate">false</xsl:attribute>
  <xsl:attribute name="keep-with-next.within-column">always</xsl:attribute>
</xsl:attribute-set>
</src:fragment>
</refsynopsisdiv>
<refsection><info><title>Description</title></info>
<para>How do you want admonitions titles styled? </para>
<para>Set the font-size, weight etc to the style required.</para>

</refsection>
</refentry>
