<refentry xmlns="http://docbook.org/ns/docbook"
          xmlns:xlink="http://www.w3.org/1999/xlink"
          xmlns:xi="http://www.w3.org/2001/XInclude"
          xmlns:src="http://nwalsh.com/xmlns/litprog/fragment"
          xmlns:xsl="http://www.w3.org/1999/XSL/Transform"
          version="5.0" xml:id="article.appendix.title.properties">
<refmeta>
<refentrytitle>article.appendix.title.properties</refentrytitle>
<refmiscinfo class="other" otherclass="datatype">attribute set</refmiscinfo>
</refmeta>
<refnamediv>
<refname>article.appendix.title.properties</refname>
<refpurpose>Properties for appendix titles that appear in an article</refpurpose>
</refnamediv>

<refsynopsisdiv>
<src:fragment xml:id="article.appendix.title.properties.frag">
<xsl:attribute-set name="article.appendix.title.properties" use-attribute-sets="section.title.properties                          section.title.level1.properties">
</xsl:attribute-set>
</src:fragment>
</refsynopsisdiv>

<refsection><info><title>Description</title></info>

<para>The properties for the title of an appendix that
appears inside an article.  The default is to use
the properties of sect1 titles.</para>

</refsection>
</refentry>
