<refentry xmlns="http://docbook.org/ns/docbook"
          xmlns:xlink="http://www.w3.org/1999/xlink"
          xmlns:xi="http://www.w3.org/2001/XInclude"
          xmlns:src="http://nwalsh.com/xmlns/litprog/fragment"
          xmlns:xsl="http://www.w3.org/1999/XSL/Transform"
          version="5.0" xml:id="axf.extensions">
<refmeta>
<refentrytitle>axf.extensions</refentrytitle>
<refmiscinfo class="other" otherclass="datatype">boolean</refmiscinfo>
</refmeta>
<refnamediv>
<refname>axf.extensions</refname>
<refpurpose>Enable XSL Formatter extensions?</refpurpose>
</refnamediv>

<refsynopsisdiv>
<src:fragment xml:id="axf.extensions.frag">
<xsl:param name="axf.extensions" select="0"/>
</src:fragment>
</refsynopsisdiv>

<refsection><info><title>Description</title></info>

<para>If non-zero,
<link xlink:href="http://www.antennahouse.com/">XSL Formatter</link>
extensions will be used. XSL Formatter extensions consists of PDF bookmarks,
document information and better index processing.</para>

<para>This parameter can also affect which graphics file formats
are supported</para>

</refsection>
</refentry>
