<refentry xmlns="http://docbook.org/ns/docbook"
          xmlns:xlink="http://www.w3.org/1999/xlink"
          xmlns:xi="http://www.w3.org/2001/XInclude"
          xmlns:src="http://nwalsh.com/xmlns/litprog/fragment"
          xmlns:xsl="http://www.w3.org/1999/XSL/Transform"
          version="5.0" xml:id="biblioentry.properties">
<refmeta>
  <refentrytitle>biblioentry.properties</refentrytitle>
  <refmiscinfo class="other" otherclass="datatype">attribute set</refmiscinfo>
</refmeta>
<refnamediv>
<refname>biblioentry.properties</refname>
<refpurpose>To set the style for biblioentry.</refpurpose>
</refnamediv>

<refsynopsisdiv>
<src:fragment xml:id="biblioentry.properties.frag"><xsl:attribute-set name="biblioentry.properties" use-attribute-sets="normal.para.spacing">
  <xsl:attribute name="start-indent">0.5in</xsl:attribute>
  <xsl:attribute name="text-indent">-0.5in</xsl:attribute>
</xsl:attribute-set>
</src:fragment>
</refsynopsisdiv>
<refsection><info><title>Description</title></info>
<para>How do you want biblioentry styled? </para>
<para>Set the font-size, weight, space-above and space-below, indents, etc. to the style required</para>

</refsection>
</refentry>
