<refentry xmlns="http://docbook.org/ns/docbook"
          xmlns:xlink="http://www.w3.org/1999/xlink"
          xmlns:xi="http://www.w3.org/2001/XInclude"
          xmlns:src="http://nwalsh.com/xmlns/litprog/fragment"
          xmlns:xsl="http://www.w3.org/1999/XSL/Transform"
          version="5.0" xml:id="body.margin.top">
<refmeta>
<refentrytitle>body.margin.top</refentrytitle>
<refmiscinfo class="other" otherclass="datatype">length</refmiscinfo>
</refmeta>
<refnamediv>
<refname>body.margin.top</refname>
<refpurpose>To specify the size of the top margin of a page</refpurpose>
</refnamediv>

<refsynopsisdiv>
<src:fragment xml:id="body.margin.top.frag">
<xsl:param name="body.margin.top">0.5in</xsl:param>
</src:fragment>
</refsynopsisdiv>

<refsection><info><title>Description</title></info>

<para>The body top margin is the distance from the top of the
region-before to the first line of text in the page body.</para>

</refsection>
</refentry>
