<refentry xmlns="http://docbook.org/ns/docbook"
          xmlns:xlink="http://www.w3.org/1999/xlink"
          xmlns:xi="http://www.w3.org/2001/XInclude"
          xmlns:src="http://nwalsh.com/xmlns/litprog/fragment"
          xmlns:xsl="http://www.w3.org/1999/XSL/Transform"
          version="5.0" xml:id="calloutlist.properties">
<refmeta>
<refentrytitle>calloutlist.properties</refentrytitle>
<refmiscinfo class="other" otherclass="datatype">attribute set</refmiscinfo>
</refmeta>
<refnamediv>
<refname>calloutlist.properties</refname>
<refpurpose>Properties that apply to each list-block generated by calloutlist.</refpurpose>
</refnamediv>

<refsynopsisdiv>
<src:fragment xml:id="calloutlist.properties.frag"><xsl:attribute-set name="calloutlist.properties">
  <xsl:attribute name="space-before.optimum">1em</xsl:attribute>
  <xsl:attribute name="space-before.minimum">0.8em</xsl:attribute>
  <xsl:attribute name="space-before.maximum">1.2em</xsl:attribute>
  <xsl:attribute name="provisional-distance-between-starts">2.2em</xsl:attribute>
  <xsl:attribute name="provisional-label-separation">0.2em</xsl:attribute>
</xsl:attribute-set></src:fragment>
</refsynopsisdiv>
<refsection><info><title>Description</title></info>
<para>Properties that apply to the fo:list-block generated by calloutlist.
Typically used to adjust spacing or margins of the entire list.
Change the <literal>provisional-distance-between-starts</literal> attribute to
change the indent of the list paragraphs relative to the
callout numbers.</para>
</refsection>
</refentry>
