<refentry xmlns="http://docbook.org/ns/docbook"
          xmlns:xlink="http://www.w3.org/1999/xlink"
          xmlns:xi="http://www.w3.org/2001/XInclude"
          xmlns:src="http://nwalsh.com/xmlns/litprog/fragment"
          xmlns:xsl="http://www.w3.org/1999/XSL/Transform"
          version="5.0" xml:id="chunk.tocs.and.lots">
<refmeta>
<refentrytitle>chunk.tocs.and.lots</refentrytitle>
<refmiscinfo class="other" otherclass="datatype">boolean</refmiscinfo>
</refmeta>
<refnamediv>
<refname>chunk.tocs.and.lots</refname>
<refpurpose>Should ToC and LoTs be in separate chunks?</refpurpose>
</refnamediv>

<refsynopsisdiv>
<src:fragment xml:id="chunk.tocs.and.lots.frag">
<xsl:param name="chunk.tocs.and.lots" select="0"/>
</src:fragment>
</refsynopsisdiv>

<refsection><info><title>Description</title></info>

<para>If non-zero, ToC and LoT (List of Examples, List of Figures, etc.)
will be put in a separate chunk. At the moment, this chunk is not in the
normal forward/backward navigation list. Instead, a new link is added to the
navigation footer.</para>

<para>This feature is still somewhat experimental. Feedback welcome.</para>

</refsection>
</refentry>
