<refentry xmlns="http://docbook.org/ns/docbook"
          xmlns:xlink="http://www.w3.org/1999/xlink"
          xmlns:xi="http://www.w3.org/2001/XInclude"
          xmlns:src="http://nwalsh.com/xmlns/litprog/fragment"
          xmlns:xsl="http://www.w3.org/1999/XSL/Transform"
          version="5.0" xml:id="chunker.output.media-type">
<refmeta>
<refentrytitle>chunker.output.media-type</refentrytitle>
<refmiscinfo class="other" otherclass="datatype">string</refmiscinfo>
</refmeta>
<refnamediv>
<refname>chunker.output.media-type</refname>
<refpurpose>Media type to use in generated pages</refpurpose>
</refnamediv>
<refsynopsisdiv>
<src:fragment xml:id="chunker.output.media-type.frag">
<xsl:param name="chunker.output.media-type"></xsl:param>
</src:fragment>
</refsynopsisdiv>
<refsection><info><title>Description</title></info>
<para>This parameter specifies the media type that should be used by
the chunking stylesheet. Not all processors support specification of
this parameter.
</para>
<para>This parameter specifies the media type that should be used by the
chunking stylesheet. This should be one from those defined in
<link xlink:href="http://www.ietf.org/rfc/rfc2045.txt">[RFC2045]</link>  and
 <link xlink:href="http://www.ietf.org/rfc/rfc2046.txt">[RFC2046]</link> </para>
<note>
<para>This parameter is documented here, but the declaration is actually
in the <filename>chunker.xsl</filename> stylesheet module.</para>
<para>It must be one from html, xml or text</para>
</note>
</refsection>
</refentry>
