<refentry xmlns="http://docbook.org/ns/docbook"
          xmlns:xlink="http://www.w3.org/1999/xlink"
          xmlns:xi="http://www.w3.org/2001/XInclude"
          xmlns:src="http://nwalsh.com/xmlns/litprog/fragment"
          xmlns:xsl="http://www.w3.org/1999/XSL/Transform"
          version="5.0" xml:id="chunk.append">
<refmeta>
<refentrytitle>chunk.append</refentrytitle>
<refmiscinfo class="other" otherclass="datatype">string</refmiscinfo>
</refmeta>
<refnamediv>
<refname>chunk.append</refname>
<refpurpose>Specifies content to append to chunked HTML output</refpurpose>
</refnamediv>

<refsynopsisdiv>
<src:fragment xml:id="chunk.append.frag"><xsl:param name="chunk.append"/></src:fragment>
</refsynopsisdiv>

<refsection><info><title>Description</title></info>

<para>Specifies content to append to the end of HTML files output by
the <filename>html/chunk.xsl</filename> stylesheet, after the closing
<code>&lt;html&gt;</code> tag. You probably don’t want to set any value
for this parameter; but if you do, the only value it should ever be
set to is a newline character: <code>&amp;#x0a;</code> or
<code>&amp;#10;</code></para>

</refsection>
</refentry>
