<refentry xmlns="http://docbook.org/ns/docbook"
          xmlns:xlink="http://www.w3.org/1999/xlink"
          xmlns:xi="http://www.w3.org/2001/XInclude"
          xmlns:src="http://nwalsh.com/xmlns/litprog/fragment"
          xmlns:xsl="http://www.w3.org/1999/XSL/Transform"
          version="5.0" xml:id="dingbat.font.family">
<refmeta>
<refentrytitle>dingbat.font.family</refentrytitle>
<refmiscinfo class="other" otherclass="datatype">list</refmiscinfo>
<refmiscinfo class="other" otherclass="list-type">open</refmiscinfo>
<refmiscinfo class="other" otherclass="value">serif</refmiscinfo>
<refmiscinfo class="other" otherclass="value">sans-serif</refmiscinfo>
<refmiscinfo class="other" otherclass="value">monospace</refmiscinfo>
</refmeta>
<refnamediv>
<refname>dingbat.font.family</refname>
<refpurpose>The font family for copyright, quotes, and other symbols</refpurpose>
</refnamediv>

<refsynopsisdiv>
<src:fragment xml:id="dingbat.font.family.frag">
<xsl:param name="dingbat.font.family">serif</xsl:param>
</src:fragment>
</refsynopsisdiv>

<refsection><info><title>Description</title></info>

<para>The dingbat font family is used for dingbats. If it is defined
as the empty string, no font change is effected around dingbats.
</para>

</refsection>
</refentry>
