<refentry xmlns="http://docbook.org/ns/docbook"
          xmlns:xlink="http://www.w3.org/1999/xlink"
          xmlns:xi="http://www.w3.org/2001/XInclude"
          xmlns:src="http://nwalsh.com/xmlns/litprog/fragment"
          xmlns:xsl="http://www.w3.org/1999/XSL/Transform"
          version="5.0" xml:id="dynamic.toc">
<refmeta>
<refentrytitle>dynamic.toc</refentrytitle>
<refmiscinfo class="other" otherclass="datatype">boolean</refmiscinfo>
</refmeta>
<refnamediv>
<refname>dynamic.toc</refname>
<refpurpose>Dynamic ToCs?</refpurpose>
</refnamediv>

<refsynopsisdiv>
<src:fragment xml:id="dynamic.toc.frag">
<xsl:param name="dynamic.toc" select="0"/>
</src:fragment>
</refsynopsisdiv>

<refsection><info><title>Description</title></info>

<para>If non-zero, JavaScript is used to make the ToC panel <quote>dynamic</quote>.
In a dynamic ToC, each section in the ToC can be expanded and collapsed by
clicking on the appropriate image.</para>

</refsection>
</refentry>
