<refentry xmlns="http://docbook.org/ns/docbook"
          xmlns:xlink="http://www.w3.org/1999/xlink"
          xmlns:xi="http://www.w3.org/2001/XInclude"
          xmlns:src="http://nwalsh.com/xmlns/litprog/fragment"
          xmlns:xsl="http://www.w3.org/1999/XSL/Transform"
          version="5.0" xml:id="feedback.href">
<refmeta>
<refentrytitle>feedback.href</refentrytitle>
<refmiscinfo class="other" otherclass="datatype">uri</refmiscinfo>
</refmeta>
<refnamediv>
<refname>feedback.href</refname>
<refpurpose>HREF (URI) for feedback link</refpurpose>
</refnamediv>

<refsynopsisdiv>
<src:fragment xml:id="feedback.href.frag">
<xsl:param name="feedback.href"/>
</src:fragment>
</refsynopsisdiv>

<refsection><info><title>Description</title></info>
<para>The <varname>feedback.href</varname> value is used as the value
for the <tag class="attribute">href</tag> attribute on the feedback
link. If <varname>feedback.href</varname>
is empty, no feedback link is generated.</para>
</refsection>
</refentry>
