<refentry xmlns="http://docbook.org/ns/docbook"
          xmlns:xlink="http://www.w3.org/1999/xlink"
          xmlns:xi="http://www.w3.org/2001/XInclude"
          xmlns:src="http://nwalsh.com/xmlns/litprog/fragment"
          xmlns:xsl="http://www.w3.org/1999/XSL/Transform"
          version="5.0" xml:id="firstterm.only.link">
<refmeta>
<refentrytitle>firstterm.only.link</refentrytitle>
<refmiscinfo class="other" otherclass="datatype">boolean</refmiscinfo>
</refmeta>
<refnamediv>
<refname>firstterm.only.link</refname>
<refpurpose>Does automatic glossterm linking only apply to firstterms?</refpurpose>
</refnamediv>

<refsynopsisdiv>
<src:fragment xml:id="firstterm.only.link.frag">
<xsl:param name="firstterm.only.link" select="0"/>
</src:fragment>
</refsynopsisdiv>

<refsection><info><title>Description</title></info>

<para>If non-zero, only <tag>firstterm</tag>s will be automatically linked
to the glossary. If glossary linking is not enabled, this parameter
has no effect.</para>

</refsection>
</refentry>
