<refentry xmlns="http://docbook.org/ns/docbook"
          xmlns:xlink="http://www.w3.org/1999/xlink"
          xmlns:xi="http://www.w3.org/2001/XInclude"
          xmlns:src="http://nwalsh.com/xmlns/litprog/fragment"
          xmlns:xsl="http://www.w3.org/1999/XSL/Transform"
          version="5.0" xml:id="foil.footer.properties">
<refmeta>
<refentrytitle>foil.footer.properties</refentrytitle>
<refmiscinfo class="other" otherclass="datatype">attribute set</refmiscinfo>
</refmeta>
<refnamediv>
<refname>foil.footer.properties</refname>
<refpurpose>Specifies properties for slides footer</refpurpose>
</refnamediv>

<refsynopsisdiv>
  <src:fragment xml:id="foil.footer.properties.frag">
    <xsl:attribute-set name="foil.footer.properties"/>
  </src:fragment>
</refsynopsisdiv>

<refsection><info><title>Description</title></info>

<para>This parameter specifies properties for the foil footer.</para>

</refsection>
</refentry>
