<refentry xmlns="http://docbook.org/ns/docbook"
          xmlns:xlink="http://www.w3.org/1999/xlink"
          xmlns:xi="http://www.w3.org/2001/XInclude"
          xmlns:src="http://nwalsh.com/xmlns/litprog/fragment"
          xmlns:xsl="http://www.w3.org/1999/XSL/Transform"
          version="5.0" xml:id="foil.region-body.properties">
<refmeta>
<refentrytitle>foil.region-body.properties</refentrytitle>
<refmiscinfo class="other" otherclass="datatype">attribute set</refmiscinfo>
</refmeta>
<refnamediv>
<refname>foil.region-body.properties</refname>
<refpurpose>Specifies properties for foil region-body</refpurpose>
</refnamediv>

<refsynopsisdiv>
  <src:fragment xml:id="foil.region-body.properties.frag">
    <xsl:attribute-set name="foil.region-body.properties">
      <xsl:attribute name="margin-bottom">
        <xsl:value-of select="$body.margin.bottom"/>
      </xsl:attribute>
      <xsl:attribute name="margin-top">
        <xsl:value-of select="$body.margin.top"/>
      </xsl:attribute>
      <xsl:attribute name="column-count">
        <xsl:value-of select="$column.count.body"/>
      </xsl:attribute>
    </xsl:attribute-set>
  </src:fragment>
</refsynopsisdiv>

<refsection><info><title>Description</title></info>

<para>This parameter specifies properties for the foil region-body.</para>

</refsection>
</refentry>
