<refentry xmlns="http://docbook.org/ns/docbook"
          xmlns:xlink="http://www.w3.org/1999/xlink"
          xmlns:xi="http://www.w3.org/2001/XInclude"
          xmlns:src="http://nwalsh.com/xmlns/litprog/fragment"
          xmlns:xsl="http://www.w3.org/1999/XSL/Transform"
          version="5.0" xml:id="footnote.properties">
<refmeta>
<refentrytitle>footnote.properties</refentrytitle>
<refmiscinfo class="other" otherclass="datatype">attribute set</refmiscinfo>
</refmeta>  
<refnamediv>
<refname>footnote.properties</refname>
<refpurpose>Properties applied to each footnote body
</refpurpose>
</refnamediv>

<refsynopsisdiv>
<src:fragment xml:id="footnote.properties.frag">
<xsl:attribute-set name="footnote.properties">
  <xsl:attribute name="font-family"><xsl:value-of select="$body.fontset"/></xsl:attribute>
  <xsl:attribute name="font-size"><xsl:value-of select="$footnote.font.size"/></xsl:attribute>
  <xsl:attribute name="font-weight">normal</xsl:attribute>
  <xsl:attribute name="font-style">normal</xsl:attribute>
  <xsl:attribute name="text-align"><xsl:value-of select="$alignment"/></xsl:attribute>
  <xsl:attribute name="start-indent">0pt</xsl:attribute>
  <xsl:attribute name="end-indent">0pt</xsl:attribute>
  <xsl:attribute name="text-indent">0pt</xsl:attribute>
  <xsl:attribute name="hyphenate"><xsl:value-of select="$hyphenate"/></xsl:attribute>
  <xsl:attribute name="wrap-option">wrap</xsl:attribute>
  <xsl:attribute name="linefeed-treatment">treat-as-space</xsl:attribute>
</xsl:attribute-set>
</src:fragment>
</refsynopsisdiv>

<refsection><info><title>Description</title></info>

<para>This attribute set is applied to the footnote-block 
for each footnote.
It can be used to set the
font-size, font-family, and other inheritable properties that will be
applied to all footnotes.</para>

</refsection>
</refentry>
