<refentry xmlns="http://docbook.org/ns/docbook"
          xmlns:xlink="http://www.w3.org/1999/xlink"
          xmlns:xi="http://www.w3.org/2001/XInclude"
          xmlns:src="http://nwalsh.com/xmlns/litprog/fragment"
          xmlns:xsl="http://www.w3.org/1999/XSL/Transform"
          version="5.0" xml:id="formal.title.placement">
<refmeta>
<refentrytitle>formal.title.placement</refentrytitle>
<refmiscinfo class="other" otherclass="datatype">table</refmiscinfo>
</refmeta>
<refnamediv>
<refname>formal.title.placement</refname>
<refpurpose>Specifies where formal object titles should occur</refpurpose>
</refnamediv>

<refsynopsisdiv>
<src:fragment xml:id="formal.title.placement.frag">
<xsl:param name="formal.title.placement">
figure before
example before
equation before
table before
procedure before
task before
</xsl:param>
</src:fragment>
</refsynopsisdiv>

<refsection><info><title>Description</title></info>

<para>Specifies where formal object titles should occur. For each formal object
type (<tag>figure</tag>,
<tag>example</tag>,
<tag>equation</tag>,
<tag>table</tag>, and <tag>procedure</tag>)
you can specify either the keyword
<quote><literal>before</literal></quote> or
<quote><literal>after</literal></quote>.</para>

</refsection>
</refentry>
