<refentry xmlns="http://docbook.org/ns/docbook"
          xmlns:xlink="http://www.w3.org/1999/xlink"
          xmlns:xi="http://www.w3.org/2001/XInclude"
          xmlns:src="http://nwalsh.com/xmlns/litprog/fragment"
          xmlns:xsl="http://www.w3.org/1999/XSL/Transform"
          version="5.0" xml:id="formal.procedures">
<refmeta>
<refentrytitle>formal.procedures</refentrytitle>
<refmiscinfo class="other" otherclass="datatype">boolean</refmiscinfo>
</refmeta>
<refnamediv>
<refname>formal.procedures</refname>
<refpurpose>Selects formal or informal procedures</refpurpose>
</refnamediv>

<refsynopsisdiv>
<src:fragment xml:id="formal.procedures.frag">
<xsl:param name="formal.procedures" select="1"/>
</src:fragment>
</refsynopsisdiv>

<refsection><info><title>Description</title></info>

<para>Formal procedures are numbered and always have a title.
</para>

</refsection>
</refentry>
