<refentry xmlns="http://docbook.org/ns/docbook"
          xmlns:xlink="http://www.w3.org/1999/xlink"
          xmlns:xi="http://www.w3.org/2001/XInclude"
          xmlns:src="http://nwalsh.com/xmlns/litprog/fragment"
          xmlns:xsl="http://www.w3.org/1999/XSL/Transform"
          version="5.0" xml:id="generate.meta.abstract">
<refmeta>
<refentrytitle>generate.meta.abstract</refentrytitle>
<refmiscinfo class="other" otherclass="datatype">boolean</refmiscinfo>
</refmeta>
<refnamediv>
<refname>generate.meta.abstract</refname>
<refpurpose>Generate HTML <tag>META</tag> element from <tag>abstract</tag>?</refpurpose>
</refnamediv>

<refsynopsisdiv>
<src:fragment xml:id="generate.meta.abstract.frag">
<xsl:param name="generate.meta.abstract" select="1"/>
</src:fragment>
</refsynopsisdiv>

<refsection><info><title>Description</title></info>

<para>If non-zero, document abstracts will be reproduced in the HTML
<literal>head</literal>, with <literal>>meta name="description" content="..."</literal></para>


</refsection>
</refentry>
