<refentry xmlns="http://docbook.org/ns/docbook"
          xmlns:xlink="http://www.w3.org/1999/xlink"
          xmlns:xi="http://www.w3.org/2001/XInclude"
          xmlns:src="http://nwalsh.com/xmlns/litprog/fragment"
          xmlns:xsl="http://www.w3.org/1999/XSL/Transform"
          version="5.0" xml:id="glossentry.list.item.properties">
<refmeta>
<refentrytitle>glossentry.list.item.properties</refentrytitle>
<refmiscinfo class="other" otherclass="datatype">attribute set</refmiscinfo>
</refmeta>
<refnamediv>
<refname>glossentry.list.item.properties</refname>
<refpurpose>To add properties to each glossentry in a list.</refpurpose>
</refnamediv>

<refsynopsisdiv>
<src:fragment xml:id="glossentry.list.item.properties.frag"><xsl:attribute-set name="glossentry.list.item.properties">
  <xsl:attribute name="space-before.optimum">1em</xsl:attribute>
  <xsl:attribute name="space-before.minimum">0.8em</xsl:attribute>
  <xsl:attribute name="space-before.maximum">1.2em</xsl:attribute>
</xsl:attribute-set>
</src:fragment>
</refsynopsisdiv>
<refsection><info><title>Description</title></info>
<para>These properties are added to the fo:list-item containing a
glossentry in a glossary when the <parameter>glossary.as.blocks</parameter> parameter
is zero.
Use this attribute-set to set
spacing between entries, for example.</para>

</refsection>
</refentry>
