<refentry xmlns="http://docbook.org/ns/docbook"
          xmlns:xlink="http://www.w3.org/1999/xlink"
          xmlns:xi="http://www.w3.org/2001/XInclude"
          xmlns:src="http://nwalsh.com/xmlns/litprog/fragment"
          xmlns:xsl="http://www.w3.org/1999/XSL/Transform"
          version="5.0" xml:id="highlight.xslthl.config">
<refmeta>
<refentrytitle>highlight.xslthl.config</refentrytitle>
<refmiscinfo class="other" otherclass="datatype">uri</refmiscinfo>
</refmeta>
<refnamediv>
<refname>highlight.xslthl.config</refname>
<refpurpose>Location of XSLTHL configuration file</refpurpose>
</refnamediv>

<refsynopsisdiv>
<src:fragment xml:id="highlight.xslthl.config.frag">
<xsl:param name="highlight.xslthl.config"></xsl:param>
</src:fragment>
</refsynopsisdiv>

<refsection><info><title>Description</title></info>

<para>This location has precedence over the corresponding Java property.</para>

<para>Please note that usually you have to specify location as URL not
just as a simple path on the local
filesystem. E.g. <filename>file:///home/user/xslthl/my-xslthl-config.xml</filename>.</para>



</refsection>
</refentry>
