<refentry xmlns="http://docbook.org/ns/docbook"
          xmlns:xlink="http://www.w3.org/1999/xlink"
          xmlns:xi="http://www.w3.org/2001/XInclude"
          xmlns:src="http://nwalsh.com/xmlns/litprog/fragment"
          xmlns:xsl="http://www.w3.org/1999/XSL/Transform"
          version="5.0" xml:id="html.script">
<refmeta>
<refentrytitle>html.script</refentrytitle>
<refmiscinfo class="other" otherclass="datatype">string</refmiscinfo>
</refmeta>
<refnamediv>
<refname>html.script</refname>
<refpurpose>Name of the script(s) to use in the generated HTML</refpurpose>
</refnamediv>

<refsynopsisdiv>
<src:fragment xml:id="html.script.frag">
<xsl:param name="html.script" ></xsl:param>
</src:fragment>
</refsynopsisdiv>

<refsection><info><title>Description</title></info>

<para>The <parameter>html.script</parameter> parameter is either
empty (default), indicating that no <tag>script</tag> element should be
generated in the html output, or it is a list of one or more
script locations.</para>

<para>Multiple script locations are space-delimited. If you need to
reference a script URI that includes a space, encode it with
<literal>%20</literal>. A separate html <literal>script</literal> element will
be generated for each script in the order they are listed in the
parameter.</para>

</refsection>
</refentry>
