<refentry xmlns="http://docbook.org/ns/docbook"
          xmlns:xlink="http://www.w3.org/1999/xlink"
          xmlns:xi="http://www.w3.org/2001/XInclude"
          xmlns:src="http://nwalsh.com/xmlns/litprog/fragment"
          xmlns:xsl="http://www.w3.org/1999/XSL/Transform"
          version="5.0" xml:id="html.head.legalnotice.link.multiple">
<refmeta>
<refentrytitle>html.head.legalnotice.link.multiple</refentrytitle>
<refmiscinfo class="other" otherclass="datatype">boolean</refmiscinfo>
</refmeta>
<refnamediv>
<refname>html.head.legalnotice.link.multiple</refname>
<refpurpose>Generate multiple link instances in html head for legalnotice?</refpurpose>
</refnamediv>

<refsynopsisdiv>
<src:fragment xml:id="html.head.legalnotice.link.multiple.frag">
<xsl:param name="html.head.legalnotice.link.multiple" select="1"/>
</src:fragment>
</refsynopsisdiv>

<refsection><info><title>Description</title></info>

<para>If <parameter>html.head.legalnotice.link.multiple</parameter> is
non-zero and the value of
<parameter>html.head.legalnotice.link.types</parameter> contains
multiple link types, then the stylesheet generates (in the
<literal>head</literal> section of the HTML source) one
<literal>link</literal> element for each link type specified. For
example, if the value of
<parameter>html.head.legalnotice.link.types</parameter> is
“<literal>copyright license</literal>”:

<screen>  &lt;link rel="copyright" href="ln-id2524073.html" title="Legal Notice"&gt;
  &lt;link rel="license" href="ln-id2524073.html" title="Legal Notice"&gt;</screen>

 Otherwise, the stylesheet generates generates a single
 <literal>link</literal> instance; for example:

<screen>  &lt;link rel="copyright license" href="ln-id2524073.html" title="Legal Notice"&gt;</screen>
 
</para>
</refsection>
</refentry>
