<refentry xmlns="http://docbook.org/ns/docbook"
          xmlns:xlink="http://www.w3.org/1999/xlink"
          xmlns:xi="http://www.w3.org/2001/XInclude"
          xmlns:src="http://nwalsh.com/xmlns/litprog/fragment"
          xmlns:xsl="http://www.w3.org/1999/XSL/Transform"
          version="5.0" xml:id="htmlhelp.button.jump1">
<refmeta>
<refentrytitle>htmlhelp.button.jump1</refentrytitle>
<refmiscinfo class="other" otherclass="datatype">boolean</refmiscinfo>
</refmeta>
<refnamediv>
<refname>htmlhelp.button.jump1</refname>
<refpurpose>Should the Jump1 button be shown?</refpurpose>
</refnamediv>
<refsynopsisdiv>
<src:fragment xml:id="htmlhelp.button.jump1.frag">
<xsl:param name="htmlhelp.button.jump1" select="0"/>
</src:fragment>
</refsynopsisdiv>
<refsection><info><title>Description</title></info>
  <para>Set to non-zero to include the <literal>Jump1</literal> button on the toolbar.</para>
</refsection>
</refentry>
