<refentry xmlns="http://docbook.org/ns/docbook"
          xmlns:xlink="http://www.w3.org/1999/xlink"
          xmlns:xi="http://www.w3.org/2001/XInclude"
          xmlns:src="http://nwalsh.com/xmlns/litprog/fragment"
          xmlns:xsl="http://www.w3.org/1999/XSL/Transform"
          version="5.0" xml:id="index.entry.properties">
<refmeta>
<refentrytitle>index.entry.properties</refentrytitle>
<refmiscinfo class="other" otherclass="datatype">attribute set</refmiscinfo>
</refmeta>
<refnamediv>
<refname>index.entry.properties</refname>
<refpurpose>Properties applied to the formatted entries
in an index</refpurpose>
</refnamediv>

<refsynopsisdiv>
<src:fragment xml:id="index.entry.properties.frag">
<xsl:attribute-set name="index.entry.properties">
  <xsl:attribute name="start-indent">0pt</xsl:attribute>
</xsl:attribute-set>
</src:fragment>
</refsynopsisdiv>

<refsection><info><title>Description</title></info>

<para>This attribute set is applied to the block containing
the entries in a letter division in an index.  It can be used to set the
font-size, font-family, and other inheritable properties that will be
applied to all index entries.</para>

</refsection>
</refentry>
