<refentry xmlns="http://docbook.org/ns/docbook"
          xmlns:xlink="http://www.w3.org/1999/xlink"
          xmlns:xi="http://www.w3.org/2001/XInclude"
          xmlns:src="http://nwalsh.com/xmlns/litprog/fragment"
          xmlns:xsl="http://www.w3.org/1999/XSL/Transform"
          version="5.0" xml:id="list.block.properties">
<refmeta>
<refentrytitle>list.block.properties</refentrytitle>
<refmiscinfo class="other" otherclass="datatype">attribute set</refmiscinfo>
</refmeta>
<refnamediv>
<refname>list.block.properties</refname>
<refpurpose>Properties that apply to each list-block generated by list.</refpurpose>
</refnamediv>

<refsynopsisdiv>
<src:fragment xml:id="list.block.properties.frag"><xsl:attribute-set name="list.block.properties">
  <xsl:attribute name="provisional-label-separation">0.2em</xsl:attribute>
  <xsl:attribute name="provisional-distance-between-starts">1.5em</xsl:attribute>
</xsl:attribute-set></src:fragment>
</refsynopsisdiv>
<refsection><info><title>Description</title></info>
<para>Properties that apply to each fo:list-block generated by itemizedlist/orderedlist.</para>
</refsection>
</refentry>
