<refentry xmlns="http://docbook.org/ns/docbook"
          xmlns:xlink="http://www.w3.org/1999/xlink"
          xmlns:xi="http://www.w3.org/2001/XInclude"
          xmlns:src="http://nwalsh.com/xmlns/litprog/fragment"
          xmlns:xsl="http://www.w3.org/1999/XSL/Transform"
          version="5.0" xml:id="man.segtitle.suppress">
<refmeta>
<refentrytitle>man.segtitle.suppress</refentrytitle>
<refmiscinfo class="other" otherclass="datatype">boolean</refmiscinfo>
</refmeta>
<refnamediv>
<refname>man.segtitle.suppress</refname>
<refpurpose>Suppress display of segtitle contents?</refpurpose>
</refnamediv>

<refsynopsisdiv>
<src:fragment xml:id="man.segtitle.suppress.frag">
<xsl:param name="man.segtitle.suppress" select="0"/></src:fragment>
</refsynopsisdiv>

<refsection><info><title>Description</title></info>

<para>If the value of <parameter>man.segtitle.suppress</parameter> is
non-zero, then display of <tag>segtitle</tag> contents is
suppressed in output.</para>

</refsection>
</refentry>
