<refentry xmlns="http://docbook.org/ns/docbook"
          xmlns:xlink="http://www.w3.org/1999/xlink"
          xmlns:xi="http://www.w3.org/2001/XInclude"
          xmlns:src="http://nwalsh.com/xmlns/litprog/fragment"
          xmlns:xsl="http://www.w3.org/1999/XSL/Transform"
          version="5.0" xml:id="man.endnotes.list.heading">
<refmeta>
<refentrytitle>man.endnotes.list.heading</refentrytitle>
<refmiscinfo class="other" otherclass="datatype">string</refmiscinfo>
</refmeta>
<refnamediv>
<refname>man.endnotes.list.heading</refname>
<refpurpose>Specifies an alternate name for endnotes list</refpurpose>
</refnamediv>

<refsynopsisdiv>
<src:fragment xml:id="man.endnotes.list.heading.frag">
<xsl:param name="man.endnotes.list.heading"></xsl:param>
</src:fragment>
</refsynopsisdiv>

<refsection><info><title>Description</title></info>

<para>If the value of the
<parameter>man.endnotes.are.numbered</parameter> parameter
and/or the <parameter>man.endnotes.list.enabled</parameter>
parameter is non-zero (the defaults for both are non-zero), a
numbered list of endnotes is generated near the end of each man
page. The default heading for the list of endnotes is the
equivalent of the English word <literal>NOTES</literal> in
the current locale. To cause an alternate heading to be displayed,
set a non-empty value for the
<parameter>man.endnotes.list.heading</parameter> parameter —
for example, <literal>REFERENCES</literal>.</para>
</refsection>
</refentry>
