<refentry xmlns="http://docbook.org/ns/docbook"
          xmlns:xlink="http://www.w3.org/1999/xlink"
          xmlns:xi="http://www.w3.org/2001/XInclude"
          xmlns:src="http://nwalsh.com/xmlns/litprog/fragment"
          xmlns:xsl="http://www.w3.org/1999/XSL/Transform"
          version="5.0" xml:id="manual.toc">
<refmeta>
<refentrytitle>manual.toc</refentrytitle>
<refmiscinfo class="other" otherclass="datatype">string</refmiscinfo>
</refmeta>
<refnamediv>
<refname>manual.toc</refname>
<refpurpose>An explicit TOC to be used for the TOC</refpurpose>
</refnamediv>

<refsynopsisdiv>
<src:fragment xml:id="manual.toc.frag">
<xsl:param name="manual.toc"></xsl:param>
</src:fragment>
</refsynopsisdiv>

<refsection><info><title>Description</title></info>

<para>The <parameter>manual.toc</parameter> identifies an explicit TOC that
will be used for building the printed TOC.
</para>

</refsection>
</refentry>
