<t:templates xmlns:t="http://nwalsh.com/docbook/xsl/template/1.0"
             xmlns:param="http://nwalsh.com/docbook/xsl/template/1.0/param"
             xmlns:xsl="http://www.w3.org/1999/XSL/Transform">

<!-- ==================================================================== -->

<t:titlepage t:element="article" t:wrapper="div" class="titlepage">
  <t:titlepage-content t:side="recto">
    <title/>
    <subtitle/>
    <corpauthor/>
    <authorgroup/>
    <author/>
    <othercredit/>
    <releaseinfo/>
    <copyright/>
    <legalnotice/>
    <pubdate/>
    <revision/>
    <revhistory/>
    <abstract/>
  </t:titlepage-content>

  <t:titlepage-content t:side="verso">
  </t:titlepage-content>

  <t:titlepage-separator>
    <hr/>
  </t:titlepage-separator>

  <t:titlepage-before t:side="recto">
  </t:titlepage-before>

  <t:titlepage-before t:side="verso">
  </t:titlepage-before>
</t:titlepage>

<!-- ==================================================================== -->

<t:titlepage t:element="set" t:wrapper="div" class="titlepage">
  <t:titlepage-content t:side="recto">
    <title/>
    <subtitle/>
    <corpauthor/>
    <authorgroup/>
    <author/>
    <othercredit/>
    <releaseinfo/>
    <copyright/>
    <legalnotice/>
    <pubdate/>
    <revision/>
    <revhistory/>
    <abstract/>
  </t:titlepage-content>

  <t:titlepage-content t:side="verso">
  </t:titlepage-content>

  <t:titlepage-separator>
    <hr/>
  </t:titlepage-separator>

  <t:titlepage-before t:side="recto">
  </t:titlepage-before>

  <t:titlepage-before t:side="verso">
  </t:titlepage-before>
</t:titlepage>

<!-- ==================================================================== -->

<t:titlepage t:element="book" t:wrapper="div" class="titlepage">
  <t:titlepage-content t:side="recto">
    <title/>
    <subtitle/>
    <corpauthor/>
    <authorgroup/>
    <author/>
    <othercredit/>
    <releaseinfo/>
    <copyright/>
    <legalnotice/>
    <pubdate/>
    <revision/>
    <revhistory/>
    <abstract/>
  </t:titlepage-content>

  <t:titlepage-content t:side="verso">
  </t:titlepage-content>

  <t:titlepage-separator>
    <hr/>
  </t:titlepage-separator>

  <t:titlepage-before t:side="recto">
  </t:titlepage-before>

  <t:titlepage-before t:side="verso">
  </t:titlepage-before>
</t:titlepage>

<!-- ==================================================================== -->

<t:titlepage t:element="part" t:wrapper="div" class="titlepage">
  <t:titlepage-content t:side="recto">
    <title
           t:force="1"
           t:named-template="division.title"
           param:node="ancestor-or-self::part[1]"/>
    <subtitle/>
    <corpauthor/>
    <authorgroup/>
    <author/>
    <othercredit/>
    <releaseinfo/>
    <copyright/>
    <legalnotice/>
    <pubdate/>
    <revision/>
    <revhistory/>
    <abstract/>
  </t:titlepage-content>

  <t:titlepage-content t:side="verso">
  </t:titlepage-content>

  <t:titlepage-separator>
  </t:titlepage-separator>

  <t:titlepage-before t:side="recto">
  </t:titlepage-before>

  <t:titlepage-before t:side="verso">
  </t:titlepage-before>
</t:titlepage>

<t:titlepage t:element="partintro" t:wrapper="div">
  <t:titlepage-content t:side="recto">
    <title/>
    <subtitle/>
    <corpauthor/>
    <authorgroup/>
    <author/>
    <othercredit/>
    <releaseinfo/>
    <copyright/>
    <legalnotice/>
    <pubdate/>
    <revision/>
    <revhistory/>
    <abstract/>
  </t:titlepage-content>

  <t:titlepage-content t:side="verso">
  </t:titlepage-content>

  <t:titlepage-separator>
  </t:titlepage-separator>

  <t:titlepage-before t:side="recto">
  </t:titlepage-before>

  <t:titlepage-before t:side="verso">
  </t:titlepage-before>
</t:titlepage>

<!-- ==================================================================== -->

<t:titlepage t:element="reference" t:wrapper="div" class="titlepage">
  <t:titlepage-content t:side="recto">
    <title/>
    <subtitle/>
    <corpauthor/>
    <authorgroup/>
    <author/>
    <othercredit/>
    <releaseinfo/>
    <copyright/>
    <legalnotice/>
    <pubdate/>
    <revision/>
    <revhistory/>
    <abstract/>
  </t:titlepage-content>

  <t:titlepage-content t:side="verso">
  </t:titlepage-content>

  <t:titlepage-separator>
    <hr/>
  </t:titlepage-separator>

  <t:titlepage-before t:side="recto">
  </t:titlepage-before>

  <t:titlepage-before t:side="verso">
  </t:titlepage-before>
</t:titlepage>

<!-- ==================================================================== -->

<t:titlepage t:element="refentry" t:wrapper="div" class="titlepage">
  <t:titlepage-content t:side="recto">
<!-- uncomment this if you want refentry titlepages
    <title t:force="1"
           t:named-template="refentry.title"
           param:node="ancestor-or-self::refentry[1]"/>
-->
  </t:titlepage-content>

  <t:titlepage-content t:side="verso">
  </t:titlepage-content>

  <t:titlepage-separator/>

  <t:titlepage-before t:side="recto">
  </t:titlepage-before>

  <t:titlepage-before t:side="verso">
  </t:titlepage-before>
</t:titlepage>

<!-- ==================================================================== -->

  <t:titlepage t:element="dedication" t:wrapper="div" class="titlepage">
    <t:titlepage-content t:side="recto">
    <title
           t:force="1"
           t:named-template="component.title"
           param:node="ancestor-or-self::dedication[1]"/>
    <subtitle/>
    </t:titlepage-content>

  <t:titlepage-content t:side="verso">
  </t:titlepage-content>

  <t:titlepage-separator>
  </t:titlepage-separator>

  <t:titlepage-before t:side="recto">
  </t:titlepage-before>

  <t:titlepage-before t:side="verso">
  </t:titlepage-before>
</t:titlepage>

<!-- ==================================================================== -->

<t:titlepage t:element="acknowledgements" t:wrapper="div" class="titlepage">
    <t:titlepage-content t:side="recto">
    <title
           t:force="1"
           t:named-template="component.title"
           param:node="ancestor-or-self::acknowledgements[1]"/>
    <subtitle/>
    </t:titlepage-content>

  <t:titlepage-content t:side="verso">
  </t:titlepage-content>

  <t:titlepage-separator>
  </t:titlepage-separator>

  <t:titlepage-before t:side="recto">
  </t:titlepage-before>

  <t:titlepage-before t:side="verso">
  </t:titlepage-before>
</t:titlepage>

<!-- ==================================================================== -->

<t:titlepage t:element="preface" t:wrapper="div" class="titlepage">
  <t:titlepage-content t:side="recto">
    <title/>
    <subtitle/>
    <corpauthor/>
    <authorgroup/>
    <author/>
    <othercredit/>
    <releaseinfo/>
    <copyright/>
    <legalnotice/>
    <pubdate/>
    <revision/>
    <revhistory/>
    <abstract/>
  </t:titlepage-content>

  <t:titlepage-content t:side="verso">
  </t:titlepage-content>

  <t:titlepage-separator>
  </t:titlepage-separator>

  <t:titlepage-before t:side="recto">
  </t:titlepage-before>

  <t:titlepage-before t:side="verso">
  </t:titlepage-before>
</t:titlepage>

<!-- ==================================================================== -->

<t:titlepage t:element="chapter" t:wrapper="div" class="titlepage">
  <t:titlepage-content t:side="recto">
    <title/>
    <subtitle/>
    <corpauthor/>
    <authorgroup/>
    <author/>
    <othercredit/>
    <releaseinfo/>
    <copyright/>
    <legalnotice/>
    <pubdate/>
    <revision/>
    <revhistory/>
    <abstract/>
  </t:titlepage-content>

  <t:titlepage-content t:side="verso">
  </t:titlepage-content>

  <t:titlepage-separator>
  </t:titlepage-separator>

  <t:titlepage-before t:side="recto">
  </t:titlepage-before>

  <t:titlepage-before t:side="verso">
  </t:titlepage-before>
</t:titlepage>

<t:titlepage t:element="topic" t:wrapper="div" class="titlepage">
  <t:titlepage-content t:side="recto">
    <title/>
    <subtitle/>
    <corpauthor/>
    <authorgroup/>
    <author/>
    <othercredit/>
    <releaseinfo/>
    <copyright/>
    <legalnotice/>
    <pubdate/>
    <revision/>
    <revhistory/>
    <abstract/>
  </t:titlepage-content>

  <t:titlepage-content t:side="verso">
  </t:titlepage-content>

  <t:titlepage-separator>
  </t:titlepage-separator>

  <t:titlepage-before t:side="recto">
  </t:titlepage-before>

  <t:titlepage-before t:side="verso">
  </t:titlepage-before>
</t:titlepage>

<!-- ==================================================================== -->

<t:titlepage t:element="appendix" t:wrapper="div" class="titlepage">
  <t:titlepage-content t:side="recto">
    <title/>
    <subtitle/>
    <corpauthor/>
    <authorgroup/>
    <author/>
    <othercredit/>
    <releaseinfo/>
    <copyright/>
    <legalnotice/>
    <pubdate/>
    <revision/>
    <revhistory/>
    <abstract/>
  </t:titlepage-content>

  <t:titlepage-content t:side="verso">
  </t:titlepage-content>

  <t:titlepage-separator>
  </t:titlepage-separator>

  <t:titlepage-before t:side="recto">
  </t:titlepage-before>

  <t:titlepage-before t:side="verso">
  </t:titlepage-before>
</t:titlepage>

<!-- ==================================================================== -->

<t:titlepage t:element="section" t:wrapper="div" class="titlepage">
  <t:titlepage-content t:side="recto">
    <title/>
    <subtitle/>
    <corpauthor/>
    <authorgroup/>
    <author/>
    <othercredit/>
    <releaseinfo/>
    <copyright/>
    <legalnotice/>
    <pubdate/>
    <revision/>
    <revhistory/>
    <abstract/>
  </t:titlepage-content>

  <t:titlepage-content t:side="verso">
  </t:titlepage-content>

  <t:titlepage-separator>
    <xsl:if test="count(parent::*)='0'"><hr/></xsl:if>
  </t:titlepage-separator>

  <t:titlepage-before t:side="recto">
  </t:titlepage-before>

  <t:titlepage-before t:side="verso">
  </t:titlepage-before>
</t:titlepage>

<t:titlepage t:element="sect1" t:wrapper="div" class="titlepage">
  <t:titlepage-content t:side="recto">
    <title/>
    <subtitle/>
    <corpauthor/>
    <authorgroup/>
    <author/>
    <othercredit/>
    <releaseinfo/>
    <copyright/>
    <legalnotice/>
    <pubdate/>
    <revision/>
    <revhistory/>
    <abstract/>
  </t:titlepage-content>

  <t:titlepage-content t:side="verso">
  </t:titlepage-content>

  <t:titlepage-separator>
    <xsl:if test="count(parent::*)='0'"><hr/></xsl:if>
  </t:titlepage-separator>

  <t:titlepage-before t:side="recto">
  </t:titlepage-before>

  <t:titlepage-before t:side="verso">
  </t:titlepage-before>
</t:titlepage>

<t:titlepage t:element="sect2" t:wrapper="div" class="titlepage">
  <t:titlepage-content t:side="recto">
    <title/>
    <subtitle/>
    <corpauthor/>
    <authorgroup/>
    <author/>
    <othercredit/>
    <releaseinfo/>
    <copyright/>
    <legalnotice/>
    <pubdate/>
    <revision/>
    <revhistory/>
    <abstract/>
  </t:titlepage-content>

  <t:titlepage-content t:side="verso">
  </t:titlepage-content>

  <t:titlepage-separator>
    <xsl:if test="count(parent::*)='0'"><hr/></xsl:if>
  </t:titlepage-separator>

  <t:titlepage-before t:side="recto">
  </t:titlepage-before>

  <t:titlepage-before t:side="verso">
  </t:titlepage-before>
</t:titlepage>

<t:titlepage t:element="sect3" t:wrapper="div" class="titlepage">
  <t:titlepage-content t:side="recto">
    <title/>
    <subtitle/>
    <corpauthor/>
    <authorgroup/>
    <author/>
    <othercredit/>
    <releaseinfo/>
    <copyright/>
    <legalnotice/>
    <pubdate/>
    <revision/>
    <revhistory/>
    <abstract/>
  </t:titlepage-content>

  <t:titlepage-content t:side="verso">
  </t:titlepage-content>

  <t:titlepage-separator>
    <xsl:if test="count(parent::*)='0'"><hr/></xsl:if>
  </t:titlepage-separator>

  <t:titlepage-before t:side="recto">
  </t:titlepage-before>

  <t:titlepage-before t:side="verso">
  </t:titlepage-before>
</t:titlepage>

<t:titlepage t:element="sect4" t:wrapper="div" class="titlepage">
  <t:titlepage-content t:side="recto">
    <title/>
    <subtitle/>
    <corpauthor/>
    <authorgroup/>
    <author/>
    <othercredit/>
    <releaseinfo/>
    <copyright/>
    <legalnotice/>
    <pubdate/>
    <revision/>
    <revhistory/>
    <abstract/>
  </t:titlepage-content>

  <t:titlepage-content t:side="verso">
  </t:titlepage-content>

  <t:titlepage-separator>
    <xsl:if test="count(parent::*)='0'"><hr/></xsl:if>
  </t:titlepage-separator>

  <t:titlepage-before t:side="recto">
  </t:titlepage-before>

  <t:titlepage-before t:side="verso">
  </t:titlepage-before>
</t:titlepage>

<t:titlepage t:element="sect5" t:wrapper="div" class="titlepage">
  <t:titlepage-content t:side="recto">
    <title/>
    <subtitle/>
    <corpauthor/>
    <authorgroup/>
    <author/>
    <othercredit/>
    <releaseinfo/>
    <copyright/>
    <legalnotice/>
    <pubdate/>
    <revision/>
    <revhistory/>
    <abstract/>
  </t:titlepage-content>

  <t:titlepage-content t:side="verso">
  </t:titlepage-content>

  <t:titlepage-separator>
    <xsl:if test="count(parent::*)='0'"><hr/></xsl:if>
  </t:titlepage-separator>

  <t:titlepage-before t:side="recto">
  </t:titlepage-before>

  <t:titlepage-before t:side="verso">
  </t:titlepage-before>
</t:titlepage>

<t:titlepage t:element="simplesect" t:wrapper="div" class="titlepage">
  <t:titlepage-content t:side="recto">
    <title/>
    <subtitle/>
    <corpauthor/>
    <authorgroup/>
    <author/>
    <othercredit/>
    <releaseinfo/>
    <copyright/>
    <legalnotice/>
    <pubdate/>
    <revision/>
    <revhistory/>
    <abstract/>
  </t:titlepage-content>

  <t:titlepage-content t:side="verso">
  </t:titlepage-content>

  <t:titlepage-separator>
    <xsl:if test="count(parent::*)='0'"><hr/></xsl:if>
  </t:titlepage-separator>

  <t:titlepage-before t:side="recto">
  </t:titlepage-before>

  <t:titlepage-before t:side="verso">
  </t:titlepage-before>
</t:titlepage>

<!-- ==================================================================== -->

<t:titlepage t:element="bibliography" t:wrapper="div" class="titlepage">
  <t:titlepage-content t:side="recto">
    <title
           t:force="1"
           t:named-template="component.title"
           param:node="ancestor-or-self::bibliography[1]"/>
    <subtitle/>
  </t:titlepage-content>

  <t:titlepage-content t:side="verso">
  </t:titlepage-content>

  <t:titlepage-separator>
  </t:titlepage-separator>

  <t:titlepage-before t:side="recto">
  </t:titlepage-before>

  <t:titlepage-before t:side="verso">
  </t:titlepage-before>
</t:titlepage>

<!-- ==================================================================== -->

<t:titlepage t:element="glossary" t:wrapper="div" class="titlepage">
  <t:titlepage-content t:side="recto">
    <title
           t:force="1"
           t:named-template="component.title"
           param:node="ancestor-or-self::glossary[1]"/>
    <subtitle/>
  </t:titlepage-content>

  <t:titlepage-content t:side="verso">
  </t:titlepage-content>

  <t:titlepage-separator>
  </t:titlepage-separator>

  <t:titlepage-before t:side="recto">
  </t:titlepage-before>

  <t:titlepage-before t:side="verso">
  </t:titlepage-before>
</t:titlepage>

<!-- ==================================================================== -->

<t:titlepage t:element="index" t:wrapper="div" class="titlepage">
  <t:titlepage-content t:side="recto">
    <title
           t:force="1"
           t:named-template="component.title"
           param:node="ancestor-or-self::index[1]"/>
    <subtitle/>
  </t:titlepage-content>

  <t:titlepage-content t:side="verso">
  </t:titlepage-content>

  <t:titlepage-separator>
  </t:titlepage-separator>

  <t:titlepage-before t:side="recto">
  </t:titlepage-before>

  <t:titlepage-before t:side="verso">
  </t:titlepage-before>
</t:titlepage>

<!-- ==================================================================== -->

<t:titlepage t:element="setindex" t:wrapper="div" class="titlepage">
  <t:titlepage-content t:side="recto">
    <title
           t:force="1"
           t:named-template="component.title"
           param:node="ancestor-or-self::setindex[1]"/>
    <subtitle/>
  </t:titlepage-content>

  <t:titlepage-content t:side="verso">
  </t:titlepage-content>

  <t:titlepage-separator>
  </t:titlepage-separator>

  <t:titlepage-before t:side="recto">
  </t:titlepage-before>

  <t:titlepage-before t:side="verso">
  </t:titlepage-before>
</t:titlepage>

<!-- ==================================================================== -->
<t:titlepage t:element="sidebar" t:wrapper="div" class="titlepage">
  <t:titlepage-content t:side="recto">
    <title
           t:named-template="formal.object.heading"
           param:object="ancestor-or-self::sidebar[1]"/>
    <subtitle/>
  </t:titlepage-content>

  <t:titlepage-content t:side="verso">
  </t:titlepage-content>

  <t:titlepage-separator>
  </t:titlepage-separator>

  <t:titlepage-before t:side="recto">
  </t:titlepage-before>

  <t:titlepage-before t:side="verso">
  </t:titlepage-before>
</t:titlepage>

<!-- ==================================================================== -->

</t:templates>
